{"asks":[[821.11,0.81794506],[821.499,0.95430528],[821.5,0.0186],[821.95,0.48057253],[821.989,3.55],[821.99,5],[822,3.53056028],[822.399,0.0901],[822.4,0.4066409],[822.426,6.57570225],[822.427,0.0519],[822.428,8.88],[822.43,6.10952987],[822.5,0.2418416],[822.6,0.01],[823,7.85363423],[823.23,0.24835418],[823.289,0.08536031],[823.304,0.1],[823.369,3.7255938],[823.4,3.60996],[823.45,0.3187],[823.5,0.34287338],[823.6,0.02],[823.848,0.015],[823.9,0.161776],[823.999,4.07938549],[824,4.51334185],[824.05,0.1],[824.065,0.01],[824.1,0.01],[824.2,0.02],[824.23,0.01],[824.274,0.01],[824.425,0.016],[824.5,0.12],[824.555,0.12],[824.6,0.91816],[824.688,0.3],[824.689,7.1],[824.7,0.85335556],[824.702,0.66429802],[824.8,0.13],[824.87,1],[824.879,2.18836575],[824.9,2.11],[824.979,0.01],[824.99,0.01],[824.998,0.1],[824.999,0.16208341],[825,16.29680143],[825.002,0.015],[825.042,0.01],[825.051,0.01],[825.072,0.01],[825.1,0.12],[825.142,0.01],[825.15,0.1231532],[825.164,0.01],[825.2,0.1],[825.202,0.36327173],[825.253,0.01],[825.304,0.01],[825.347,0.1],[825.4,0.1],[825.5,0.08373081],[825.579,0.02],[825.71,0.01],[825.9,0.2],[825.93,0.01],[825.98,0.10020027],[825.99,9.2],[825.999,0.12],[826,1.19750167],[826.07,0.01],[826.1,0.01612836],[826.142,0.01],[826.164,0.1],[826.23,0.01],[826.321,0.02],[826.363,0.02],[826.4,0.87783611],[826.5,0.02],[826.603,0.1],[826.642,0.02],[826.643,0.01],[826.681,0.01],[826.686,0.01],[826.798,0.01],[826.828,0.01],[826.83,0.07558447],[826.972,0.01],[827,4.07202892],[827.023,0.01],[827.063,0.02],[827.1,0.13824736],[827.142,0.02],[827.16,0.02194382],[827.2,0.02],[827.23,0.46295238],[827.289,0.1],[827.29,0.01778254],[827.388,0.01],[827.39,0.01],[827.4,0.02],[827.42,0.25665188],[827.425,0.01],[827.5,0.080708],[827.55,0.015],[827.6,0.2],[827.606,0.1],[827.63,0.01],[827.66,0.02194382],[827.756,0.01],[827.79,0.01778254],[827.806,0.02],[827.83,0.3],[827.835,0.1],[827.89,0.35],[827.897,0.06548234],[827.915,0.21509135],[827.919,17.9224544],[827.93,0.1253],[827.99,0.11],[827.999,0.92781347],[828,10.83032875],[828.014,0.012185],[828.053,10],[828.119,0.011],[828.141,0.01],[828.142,0.01],[828.16,0.02194382],[828.167,0.01245],[828.29,0.01778254],[828.4,0.1],[828.55,0.02],[828.66,0.02194382],[828.76,0.02],[828.77,0.5],[828.79,0.01778254],[828.828,1.40578],[828.83,0.01],[828.9,0.1],[828.91,0.88],[828.919,0.01249514],[828.979,14.2],[828.98,0.3],[828.999,0.0399],[829,20.61290537],[829.001,0.0581]],"bids":[[820.2,9.5791274],[820.1,1.79382697],[819.999,0.91165452],[819.867,0.015],[819.294,0.014],[819.21,0.35],[819.2,3.28476119],[819.12,1.12],[819.1,0.00010548],[819,2.19738109],[818.998,0.10067461],[818.8,7.98707494],[818.721,0.015],[818.539,0.0104],[818.16,0.01202544],[818.149,0.015],[818.11,0.55],[818.109,0.01],[818.108,0.02],[818.104,0.01],[818,1.11839441],[817.896,0.01],[817.577,0.015],[817.21,0.47154325],[817.11,0.02],[817.104,0.03],[817.102,5.01],[817.1,2.07],[817.006,0.011],[817,6.47128124],[816.61,0.5],[816.55,0.20087831],[816.54,5.77156104],[816.509,0.1],[816.505,2],[816.504,6.04216908],[816.502,10.041],[816.5,0.3],[816.453,0.01],[816.435,0.02],[816.257,0.245],[816.252,0.01003],[816.23,0.01],[816.066,0.1],[816.06,0.2],[816,1.08130909],[815.703,0.019],[815.64,0.14046687],[815.62,0.01],[815.5,1.0782246],[815.12,0.01],[815,3.28127482],[814.971,0.016],[814.75,0.25427878],[814.74,0.01],[814.62,0.01],[814.403,0.53477713],[814.401,0.11630219],[814.4,3.26014022],[814.12,0.01],[814.098,0.01],[814,7.17398972],[813.968,0.01],[813.9,0.345],[813.832,0.016],[813.757,0.6],[813.62,0.01],[813.483,0.01],[813.4,0.05],[813.351,0.1666],[813.35,0.1666],[813.263,0.015],[813.201,7.19364438],[813.2,0.020042],[813.12,0.01],[813.101,0.1],[813.1,0.1],[813.047,2],[813.02,0.035],[813.002,2],[813,14.52328979],[812.99,0.010021],[812.9,0.083],[812.898,0.01],[812.835,0.394],[812.695,0.015],[812.62,0.01],[812.542,0.01],[812.5,0.09398563],[812.41,0.08616339],[812.31,0.10049784],[812.266,0.01003],[812.218,0.284],[812.127,0.015],[812.12,0.01],[812.1,0.11064795],[812.056,0.09950933],[812.001,0.0501211],[812,1.13540117],[811.987,0.60757067],[811.937,0.01],[811.62,0.01],[811.6,0.35],[811.42,1.84861108],[811.398,0.02],[811.176,0.57978143],[811.1,0.144],[811.052,0.10917394],[811.01,0.013],[811,5.28590444],[810.669,0.02],[810.51,0.01],[810.221,0.10026536],[810.101,0.015],[810.1,0.2],[810.02,1],[810.001,23.67949325],[810,11.999977],[809.64,0.01],[809.639,0.01],[809.3,0.3838626],[809.2,0.01],[809.195,0.01],[809.1,0.24623677],[809,10.6839276],[808.999,0.01],[808.996,0.01],[808.989,0.01],[808.59,0.03010851],[808.5,0.0345678],[808.48,0.01],[808.446,0.01],[808.44,0.01],[808.333,1.63609016],[808.082,0.02317268],[808.001,17.75],[808,28.18621234],[807.902,0.01],[807.269,0.015],[807.003,0.8],[807,0.1381957],[806.971,0.32633819],[806.9,0.01],[806.704,0.015],[806.7,0.1],[806.667,7.1],[806.666,0.28593556],[806.65,5],[806.556,0.23784617],[806.21,0.35]]}

